reduction,wavelength_min_micron,wavelength_max_micron,n_wavelength_bins,aggregation_rule,error_rule,offset_deg,formal_error_deg,semi_amplitude_ppm,chi_square,dof
fiducial,5.25,8.25,7,trapezoid,mean,-8.318893469120525,0.493471929011708,2098.408537432499,82.99879792692556,1
fiducial,5.25,8.25,7,trapezoid,maximum,-8.318893469120525,0.493471929011708,2098.408537432499,82.99879792692556,1
fiducial,5.25,8.25,7,uniform,mean,-8.308991478382186,0.48560589804566456,2085.269736713092,84.33636885173252,1
fiducial,5.25,8.25,7,uniform,maximum,-8.308991478382186,0.48560589804566456,2085.269736713092,84.33636885173252,1
fiducial,5.25,8.25,7,inverse_variance,mean,-8.698234413999579,0.48190300659512975,2062.2611472366816,62.22403808355502,1
fiducial,5.25,8.25,7,inverse_variance,maximum,-8.698234413999579,0.48190300659512975,2062.2611472366816,62.22403808355502,1
fiducial,5.25,8.75,8,trapezoid,mean,-8.48021790634017,0.47440988131663264,2092.3289014899983,78.08447204166862,1
fiducial,5.25,8.75,8,trapezoid,maximum,-8.48021790634017,0.47440988131663264,2092.3289014899983,78.08447204166862,1
fiducial,5.25,8.75,8,uniform,mean,-8.492838769987763,0.47122439616993894,2076.8593806029335,78.31709854961639,1
fiducial,5.25,8.75,8,uniform,maximum,-8.492838769987763,0.47122439616993894,2076.8593806029335,78.31709854961639,1
fiducial,5.25,8.75,8,inverse_variance,mean,-8.855514398860045,0.46654607831448214,2043.1408639304748,59.95556674850456,1
fiducial,5.25,8.75,8,inverse_variance,maximum,-8.855514398860045,0.46654607831448214,2043.1408639304748,59.95556674850456,1
fiducial,5.25,9.25,9,trapezoid,mean,-8.686867464231936,0.4592581134380449,2107.3281794652353,85.7344919106478,1
fiducial,5.25,9.25,9,trapezoid,maximum,-8.686867464231936,0.4592581134380449,2107.3281794652353,85.7344919106478,1
fiducial,5.25,9.25,9,uniform,mean,-8.73888823609023,0.4597459806687647,2113.823419870989,97.41117988072028,1
fiducial,5.25,9.25,9,uniform,maximum,-8.73888823609023,0.4597459806687647,2113.823419870989,97.41117988072028,1
fiducial,5.25,9.25,9,inverse_variance,mean,-8.853818839708822,0.4510144231798252,2049.416577659211,66.38087489454816,1
fiducial,5.25,9.25,9,inverse_variance,maximum,-8.853818839708822,0.4510144231798252,2049.416577659211,66.38087489454816,1
fiducial,5.25,9.75,10,trapezoid,mean,-8.951895864169675,0.4515115057188739,2137.6505484968056,98.86065750636915,1
fiducial,5.25,9.75,10,trapezoid,maximum,-8.951895864169675,0.4515115057188739,2137.6505484968056,98.86065750636915,1
fiducial,5.25,9.75,10,uniform,mean,-9.013930130350493,0.45076603608152954,2135.8450967637996,103.9571191697275,1
fiducial,5.25,9.75,10,uniform,maximum,-9.013930130350493,0.45076603608152954,2135.8450967637996,103.9571191697275,1
fiducial,5.25,9.75,10,inverse_variance,mean,-8.986079716160368,0.4413247018833113,2036.6797117930223,50.4496248477623,1
fiducial,5.25,9.75,10,inverse_variance,maximum,-8.986079716160368,0.4413247018833113,2036.6797117930223,50.4496248477623,1
fiducial,5.25,10.25,11,trapezoid,mean,-9.230309932799281,0.4472557501873311,2151.9138048247496,101.05695823627694,1
fiducial,5.25,10.25,11,trapezoid,maximum,-9.230309932799281,0.4472557501873311,2151.9138048247496,101.05695823627694,1
fiducial,5.25,10.25,11,uniform,mean,-9.295085732626001,0.45182414116426806,2145.6287212698007,99.95469370738554,1
fiducial,5.25,10.25,11,uniform,maximum,-9.295085732626001,0.45182414116426806,2145.6287212698007,99.95469370738554,1
fiducial,5.25,10.25,11,inverse_variance,mean,-8.977879804816776,0.43447368678665477,2033.3604218926114,46.2977850220249,1
fiducial,5.25,10.25,11,inverse_variance,maximum,-8.977879804816776,0.43447368678665477,2033.3604218926114,46.2977850220249,1
fiducial,5.75,8.25,6,trapezoid,mean,-8.274146958680152,0.5471201374785073,2113.79827424953,60.985994608086656,1
fiducial,5.75,8.25,6,trapezoid,maximum,-8.274146958680152,0.5471201374785073,2113.79827424953,60.985994608086656,1
fiducial,5.75,8.25,6,uniform,mean,-8.48711114823554,0.523137341312875,2111.6536514233703,65.00715936079992,1
fiducial,5.75,8.25,6,uniform,maximum,-8.48711114823554,0.523137341312875,2111.6536514233703,65.00715936079992,1
fiducial,5.75,8.25,6,inverse_variance,mean,-8.649886246637523,0.5111690974133003,2101.0020399360005,53.38436923914386,1
fiducial,5.75,8.25,6,inverse_variance,maximum,-8.649886246637523,0.5111690974133003,2101.0020399360005,53.38436923914386,1
fiducial,5.75,8.75,7,trapezoid,mean,-8.46635035287106,0.5197575655521267,2104.3795302485923,57.928334230059335,1
fiducial,5.75,8.75,7,trapezoid,maximum,-8.46635035287106,0.5197575655521267,2104.3795302485923,57.928334230059335,1
fiducial,5.75,8.75,7,uniform,mean,-8.672796971354389,0.5046548799537662,2098.742594152386,60.40093813199465,1
fiducial,5.75,8.75,7,uniform,maximum,-8.672796971354389,0.5046548799537662,2098.742594152386,60.40093813199465,1
fiducial,5.75,8.75,7,inverse_variance,mean,-8.78516128137947,0.4913027954698794,2078.6213332739417,52.84221063117076,1
fiducial,5.75,8.75,7,inverse_variance,maximum,-8.78516128137947,0.4913027954698794,2078.6213332739417,52.84221063117076,1
fiducial,5.75,9.25,8,trapezoid,mean,-8.700129304165136,0.4984396686681718,2120.104004896737,66.342584977625,1
fiducial,5.75,9.25,8,trapezoid,maximum,-8.700129304165136,0.4984396686681718,2120.104004896737,66.342584977625,1
fiducial,5.75,9.25,8,uniform,mean,-8.916758097999853,0.4875350650108654,2137.7249709946072,79.40797306980849,1
fiducial,5.75,9.25,8,uniform,maximum,-8.916758097999853,0.4875350650108654,2137.7249709946072,79.40797306980849,1
fiducial,5.75,9.25,8,inverse_variance,mean,-8.761147106049503,0.47280970948957446,2086.763565111958,61.265476201713625,1
fiducial,5.75,9.25,8,inverse_variance,maximum,-8.761147106049503,0.47280970948957446,2086.763565111958,61.265476201713625,1
fiducial,5.75,9.75,9,trapezoid,mean,-8.988935681268774,0.4864397018004176,2152.8568982245247,79.93632571546338,1
fiducial,5.75,9.75,9,trapezoid,maximum,-8.988935681268774,0.4864397018004176,2152.8568982245247,79.93632571546338,1
fiducial,5.75,9.75,9,uniform,mean,-9.194485458798,0.4751732981053278,2159.9681780163223,86.67041143109336,1
fiducial,5.75,9.75,9,uniform,maximum,-9.194485458798,0.4751732981053278,2159.9681780163223,86.67041143109336,1
fiducial,5.75,9.75,9,inverse_variance,mean,-8.883284234648698,0.461242916769522,2073.9519426127595,47.46686009038274,1
fiducial,5.75,9.75,9,inverse_variance,maximum,-8.883284234648698,0.461242916769522,2073.9519426127595,47.46686009038274,1
fiducial,5.75,10.25,10,trapezoid,mean,-9.285963686993702,0.4774678799635659,2167.3690506300027,83.41490665480632,1
fiducial,5.75,10.25,10,trapezoid,maximum,-9.285963686993702,0.4774678799635659,2167.3690506300027,83.41490665480632,1
fiducial,5.75,10.25,10,uniform,mean,-9.477590559037488,0.476472954508365,2168.5941518408254,84.19996212942462,1
fiducial,5.75,10.25,10,uniform,maximum,-9.477590559037488,0.476472954508365,2168.5941518408254,84.19996212942462,1
fiducial,5.75,10.25,10,inverse_variance,mean,-8.86871991528437,0.4524599481282632,2070.875514992023,44.41516906361863,1
fiducial,5.75,10.25,10,inverse_variance,maximum,-8.86871991528437,0.4524599481282632,2070.875514992023,44.41516906361863,1
fiducial,6.25,8.25,5,trapezoid,mean,-8.038660676931364,0.6137688955659462,2103.363077262106,46.69815835967803,1
fiducial,6.25,8.25,5,trapezoid,maximum,-8.038660676931364,0.6137688955659462,2103.363077262106,46.69815835967803,1
fiducial,6.25,8.25,5,uniform,mean,-8.185549515656723,0.5919377193209985,2110.0033117918297,45.61737372392041,1
fiducial,6.25,8.25,5,uniform,maximum,-8.185549515656723,0.5919377193209985,2110.0033117918297,45.61737372392041,1
fiducial,6.25,8.25,5,inverse_variance,mean,-8.371666128707798,0.5939973651053467,2087.9804121294683,25.39833824465676,1
fiducial,6.25,8.25,5,inverse_variance,maximum,-8.371666128707798,0.5939973651053467,2087.9804121294683,25.39833824465676,1
fiducial,6.25,8.75,6,trapezoid,mean,-8.318546257907403,0.5768423488241066,2094.691733357807,44.346182321788106,1
fiducial,6.25,8.75,6,trapezoid,maximum,-8.318546257907403,0.5768423488241066,2094.691733357807,44.346182321788106,1
fiducial,6.25,8.75,6,uniform,mean,-8.447327454056852,0.561555515831611,2095.627786262916,42.985044972743225,1
fiducial,6.25,8.75,6,uniform,maximum,-8.447327454056852,0.561555515831611,2095.627786262916,42.985044972743225,1
fiducial,6.25,8.75,6,inverse_variance,mean,-8.602895166704801,0.5635205059489072,2062.489120861709,24.83745714289918,1
fiducial,6.25,8.75,6,inverse_variance,maximum,-8.602895166704801,0.5635205059489072,2062.489120861709,24.83745714289918,1
fiducial,6.25,9.25,7,trapezoid,mean,-8.616320083168581,0.5482727870725794,2114.922733592119,53.06731632231846,1
fiducial,6.25,9.25,7,trapezoid,maximum,-8.616320083168581,0.5482727870725794,2114.922733592119,53.06731632231846,1
fiducial,6.25,9.25,7,uniform,mean,-8.755118485745836,0.5376784429394572,2140.7599303624006,61.58011936786615,1
fiducial,6.25,9.25,7,uniform,maximum,-8.755118485745836,0.5376784429394572,2140.7599303624006,61.58011936786615,1
fiducial,6.25,9.25,7,inverse_variance,mean,-8.639139112147124,0.5369299436892483,2074.4930303459796,31.35049457588331,1
fiducial,6.25,9.25,7,inverse_variance,maximum,-8.639139112147124,0.5369299436892483,2074.4930303459796,31.35049457588331,1
fiducial,6.25,9.75,8,trapezoid,mean,-8.956304522511546,0.5292356661416546,2153.262445560664,66.82223478091896,1
fiducial,6.25,9.75,8,trapezoid,maximum,-8.956304522511546,0.5292356661416546,2153.262445560664,66.82223478091896,1
fiducial,6.25,9.75,8,uniform,mean,-9.08209522040077,0.51780559078039,2165.851809356964,69.63542900630259,1
fiducial,6.25,9.75,8,uniform,maximum,-9.08209522040077,0.51780559078039,2165.851809356964,69.63542900630259,1
fiducial,6.25,9.75,8,inverse_variance,mean,-8.83744645357245,0.5181135067299385,2061.73326785534,21.64142283279864,1
fiducial,6.25,9.75,8,inverse_variance,maximum,-8.83744645357245,0.5181135067299385,2061.73326785534,21.64142283279864,1
fiducial,6.25,10.25,9,trapezoid,mean,-9.29062294669164,0.5128226265379574,2169.920713362835,70.9553969745254,1
fiducial,6.25,10.25,9,trapezoid,maximum,-9.29062294669164,0.5128226265379574,2169.920713362835,70.9553969745254,1
fiducial,6.25,10.25,9,uniform,mean,-9.400370594517565,0.517296374364431,2174.8727224442882,68.93190153088568,1
fiducial,6.25,10.25,9,uniform,maximum,-9.400370594517565,0.517296374364431,2174.8727224442882,68.93190153088568,1
fiducial,6.25,10.25,9,inverse_variance,mean,-8.85423297435314,0.5071872347302921,2059.407711132015,19.856675217315342,1
fiducial,6.25,10.25,9,inverse_variance,maximum,-8.85423297435314,0.5071872347302921,2059.407711132015,19.856675217315342,1
eureka_v1,5.25,8.25,7,trapezoid,mean,-8.580870486637846,0.5215346461959456,2115.4543830079206,101.5053301231786,1
eureka_v1,5.25,8.25,7,trapezoid,maximum,-8.535876396308943,0.5313108803930753,2116.4464959447337,97.81962220151333,1
eureka_v1,5.25,8.25,7,uniform,mean,-8.576750457839498,0.5189351185248237,2104.0176349422723,100.18487755442752,1
eureka_v1,5.25,8.25,7,uniform,maximum,-8.554061644565255,0.5283256306682134,2105.4751723108184,96.37133421950769,1
eureka_v1,5.25,8.25,7,inverse_variance,mean,-8.774489717077856,0.501352432947205,2097.7171302263564,117.47764547397375,1
eureka_v1,5.25,8.25,7,inverse_variance,maximum,-8.63429742959596,0.5124311708040707,2096.2997302132203,108.5036075149009,1
eureka_v1,5.25,8.75,8,trapezoid,mean,-8.737003541378755,0.5029504384330998,2114.8112391495442,96.46146835245068,1
eureka_v1,5.25,8.75,8,trapezoid,maximum,-8.719197311913874,0.5123564480295606,2116.1561037033425,92.91867852957924,1
eureka_v1,5.25,8.75,8,uniform,mean,-8.829789216131434,0.4935889448934043,2102.8219882724866,98.14189619027155,1
eureka_v1,5.25,8.75,8,uniform,maximum,-8.808917534310158,0.5016330428910543,2104.5147633089737,94.40385010357234,1
eureka_v1,5.25,8.75,8,inverse_variance,mean,-9.099729129520377,0.48162071060321576,2075.350032227213,106.30161071764537,1
eureka_v1,5.25,8.75,8,inverse_variance,maximum,-8.95555522677547,0.4924135088546242,2074.720185320212,97.35905653248714,1
eureka_v1,5.25,9.25,9,trapezoid,mean,-8.90862816183735,0.481180836515942,2133.109913718259,107.53860340864762,1
eureka_v1,5.25,9.25,9,trapezoid,maximum,-8.887183873405728,0.4902128622796953,2134.9652556326696,103.37893450651487,1
eureka_v1,5.25,9.25,9,uniform,mean,-8.88817626691168,0.4810092903801735,2139.9107648705535,118.39070661938322,1
eureka_v1,5.25,9.25,9,uniform,maximum,-8.855440375319228,0.4906005861299443,2142.418389416181,113.2554317585948,1
eureka_v1,5.25,9.25,9,inverse_variance,mean,-9.276186638980988,0.4650399948159638,2088.882355271702,119.70325115540895,1
eureka_v1,5.25,9.25,9,inverse_variance,maximum,-9.139170484046119,0.4748902002297939,2090.1520622187522,109.00326162347463,1
eureka_v1,5.25,9.75,10,trapezoid,mean,-9.097179670281497,0.46842989690467984,2167.77346883659,125.2166148947973,1
eureka_v1,5.25,9.75,10,trapezoid,maximum,-9.068531029191853,0.47807974403570164,2170.2748698168252,119.98981542262293,1
eureka_v1,5.25,9.75,10,uniform,mean,-9.250234892995161,0.45865022057638605,2169.792589694487,136.22096878962844,1
eureka_v1,5.25,9.75,10,uniform,maximum,-9.224703311692842,0.4674784177257729,2172.351112072407,130.82072659044974,1
eureka_v1,5.25,9.75,10,inverse_variance,mean,-9.349763396209823,0.4520473874291051,2076.57467772568,113.14834385101904,1
eureka_v1,5.25,9.75,10,inverse_variance,maximum,-9.176484033822385,0.46135624085020677,2076.1060142630304,102.69950630724078,1
eureka_v1,5.25,10.25,11,trapezoid,mean,-9.45816668985631,0.4543037827048986,2186.5365337078865,138.2872492397752,1
eureka_v1,5.25,10.25,11,trapezoid,maximum,-9.433787055618225,0.46270818655201484,2188.998741474061,133.0469607111337,1
eureka_v1,5.25,10.25,11,uniform,mean,-9.582941737334478,0.45718592316598894,2178.620655038568,140.42721403438043,1
eureka_v1,5.25,10.25,11,uniform,maximum,-9.553993853161003,0.46576143574673523,2180.9823696369535,135.36382346988418,1
eureka_v1,5.25,10.25,11,inverse_variance,mean,-9.450958706873728,0.44432140738383463,2068.180186310624,111.5945028024192,1
eureka_v1,5.25,10.25,11,inverse_variance,maximum,-9.290293970811422,0.45410643841369147,2067.0060334332525,101.34356313961146,1
eureka_v1,5.75,8.25,6,trapezoid,mean,-8.45338911353993,0.5713396305016731,2131.381776740237,80.7344506221192,1
eureka_v1,5.75,8.25,6,trapezoid,maximum,-8.399840316868517,0.5818826619479593,2132.2234772270804,77.69155737477185,1
eureka_v1,5.75,8.25,6,uniform,mean,-8.652039048210971,0.5584701024307357,2129.6177397824517,80.16950705587733,1
eureka_v1,5.75,8.25,6,uniform,maximum,-8.63548901631088,0.5687014144931712,2130.8171795449907,77.27465392378025,1
eureka_v1,5.75,8.25,6,inverse_variance,mean,-8.488719238169253,0.5323304517899059,2145.8233871282664,106.43343095568301,1
eureka_v1,5.75,8.25,6,inverse_variance,maximum,-8.344331692748575,0.5445488252945014,2145.216697114928,98.61217240452922,1
eureka_v1,5.75,8.75,7,trapezoid,mean,-8.658820698959317,0.5457518195858713,2128.3335096949577,76.77395618404623,1
eureka_v1,5.75,8.75,7,trapezoid,maximum,-8.638078275562966,0.5564692703754535,2129.605719680089,73.86933066328113,1
eureka_v1,5.75,8.75,7,uniform,mean,-8.930570611506134,0.5263821723103517,2125.2308664740294,78.97041720837318,1
eureka_v1,5.75,8.75,7,uniform,maximum,-8.914780515835607,0.5364244479623164,2126.7289900766127,76.08956795428413,1
eureka_v1,5.75,8.75,7,inverse_variance,mean,-8.80322478903578,0.5072986986374843,2121.1752678448634,96.62957111270127,1
eureka_v1,5.75,8.75,7,inverse_variance,maximum,-8.65819691572801,0.5184135841747404,2121.6489623610355,88.85263541179626,1
eureka_v1,5.75,9.25,8,trapezoid,mean,-8.865698861870218,0.5183969108817381,2147.610376921439,88.24722991990204,1
eureka_v1,5.75,9.25,8,trapezoid,maximum,-8.841615574395183,0.5288803133402391,2149.460808395006,84.73720748134272,1
eureka_v1,5.75,9.25,8,uniform,mean,-8.983623277743852,0.5114265111111127,2164.2913443135694,99.32671056474112,1
eureka_v1,5.75,9.25,8,uniform,maximum,-8.954451531501334,0.5218569540784417,2166.717912467973,95.09252574288786,1
eureka_v1,5.75,9.25,8,inverse_variance,mean,-8.953256706667823,0.48729212213312056,2137.8485107276665,111.88256170901327,1
eureka_v1,5.75,9.25,8,inverse_variance,maximum,-8.817690269469571,0.4964976478012826,2140.5636221587115,102.39282730446533,1
eureka_v1,5.75,9.75,9,trapezoid,mean,-9.082475073441532,0.5013917319468071,2184.9561749825434,106.18518922468897,1
eureka_v1,5.75,9.75,9,trapezoid,maximum,-9.051109991177988,0.5115471244875502,2187.517979916244,101.63316472447264,1
eureka_v1,5.75,9.75,9,uniform,mean,-9.365681689438638,0.4843910356712966,2195.0069192298843,117.17409035350161,1
eureka_v1,5.75,9.75,9,uniform,maximum,-9.343678111768675,0.4935782155380375,2197.4849953300713,112.6393405836047,1
eureka_v1,5.75,9.75,9,inverse_variance,mean,-9.003171350278913,0.4701624039227994,2126.873794554861,107.44399301012058,1
eureka_v1,5.75,9.75,9,inverse_variance,maximum,-8.83230363512281,0.4802119440675332,2127.921653932098,98.20782487165505,1
eureka_v1,5.75,10.25,10,trapezoid,mean,-9.478260675476006,0.4841156335128751,2204.1622257247514,119.59851458978224,1
eureka_v1,5.75,10.25,10,trapezoid,maximum,-9.4516733975831,0.49274635299497316,2206.6723863440016,114.98740864909982,1
eureka_v1,5.75,10.25,10,uniform,mean,-9.713831877189955,0.4827715958505614,2202.69637940708,122.20755057395253,1
eureka_v1,5.75,10.25,10,uniform,maximum,-9.687692776392325,0.49080919989369143,2204.963863071704,117.92328708630906,1
eureka_v1,5.75,10.25,10,inverse_variance,mean,-9.098729798148923,0.4609119930921439,2118.7945671852567,107.11889397993238,1
eureka_v1,5.75,10.25,10,inverse_variance,maximum,-8.942134636544342,0.4706499771656709,2119.1745398953844,98.07766712007079,1
eureka_v1,6.25,8.25,5,trapezoid,mean,-8.275237959566066,0.650477975282143,2128.93173721055,62.49440114297493,1
eureka_v1,6.25,8.25,5,trapezoid,maximum,-8.219789736183396,0.6615155829257406,2129.1640428253254,60.469438725132704,1
eureka_v1,6.25,8.25,5,uniform,mean,-8.300673574663705,0.6261589363673821,2129.9477728396496,62.03261255136162,1
eureka_v1,6.25,8.25,5,uniform,maximum,-8.27725883191243,0.6380492199457346,2131.1352232615923,59.646794351260105,1
eureka_v1,6.25,8.25,5,inverse_variance,mean,-7.906197089523137,0.5914899514588181,2157.2147929741072,86.15521592455808,1
eureka_v1,6.25,8.25,5,inverse_variance,maximum,-7.65797008681584,0.6069221199467125,2155.4876924007617,77.85471610759438,1
eureka_v1,6.25,8.75,6,trapezoid,mean,-8.553188428527719,0.612543744224741,2125.6757560890906,59.67584387022001,1
eureka_v1,6.25,8.75,6,trapezoid,maximum,-8.5359250984284,0.6227523724242969,2126.5868685690234,57.64514226973631,1
eureka_v1,6.25,8.75,6,uniform,mean,-8.682308094898216,0.580591343919834,2125.193874070996,61.792577733767985,1
eureka_v1,6.25,8.75,6,uniform,maximum,-8.66154996433332,0.5917370303231086,2126.712751620928,59.41901523287463,1
eureka_v1,6.25,8.75,6,inverse_variance,mean,-8.321449533985133,0.5571548030358708,2130.4462789416316,77.36237980468061,1
eureka_v1,6.25,8.75,6,inverse_variance,maximum,-8.079397667257693,0.5704474472095402,2129.889183039663,69.25677640325111,1
eureka_v1,6.25,9.25,7,trapezoid,mean,-8.81168329254983,0.572017393928121,2148.852679928903,71.47960640396423,1
eureka_v1,6.25,9.25,7,trapezoid,maximum,-8.789988665013642,0.5825737040807857,2150.4641168777894,68.83014990379188,1
eureka_v1,6.25,9.25,7,uniform,mean,-8.784920438845813,0.5579375560433011,2169.921407279804,82.14797696415071,1
eureka_v1,6.25,9.25,7,uniform,maximum,-8.750609506743485,0.5699776714253346,2172.465658995372,78.4808210636514,1
eureka_v1,6.25,9.25,7,inverse_variance,mean,-8.506686688853408,0.5296947965919334,2152.0954208862277,93.06541692902583,1
eureka_v1,6.25,9.25,7,inverse_variance,maximum,-8.276993623892267,0.5418262450448945,2154.0207753612904,83.11981176910083,1
eureka_v1,6.25,9.75,8,trapezoid,mean,-9.066964319543459,0.5474555330170867,2191.4743298999156,89.59382577547733,1
eureka_v1,6.25,9.75,8,trapezoid,maximum,-9.036776574291816,0.5580120860306756,2193.9058907777535,85.91476612910802,1
eureka_v1,6.25,9.75,8,uniform,mean,-9.235435905271688,0.5238654725781116,2203.9468332615397,99.94560652268937,1
eureka_v1,6.25,9.75,8,uniform,maximum,-9.209177950052672,0.5332375931658815,2206.5389328975516,95.93749637612058,1
eureka_v1,6.25,9.75,8,inverse_variance,mean,-8.597475931386807,0.506869476651163,2143.126045238155,90.41040245129139,1
eureka_v1,6.25,9.75,8,inverse_variance,maximum,-8.33188000332691,0.5186417500366094,2143.2148583593553,80.71849404447869,1
eureka_v1,6.25,10.25,9,trapezoid,mean,-9.50746636084893,0.5227540346126913,2212.4948186419197,103.28509310221003,1
eureka_v1,6.25,10.25,9,trapezoid,maximum,-9.482520126475258,0.5319126794865383,2214.8827600392415,99.48854423216221,1
eureka_v1,6.25,10.25,9,uniform,mean,-9.63098533508746,0.5190299138417114,2211.825142947442,105.80373381201224,1
eureka_v1,6.25,10.25,9,uniform,maximum,-9.601006482946609,0.5273110805695911,2214.174802398545,101.99912890055143,1
eureka_v1,6.25,10.25,9,inverse_variance,mean,-8.723949025257872,0.49493580251962577,2135.7354560944186,91.07993539826319,1
eureka_v1,6.25,10.25,9,inverse_variance,maximum,-8.476065592894109,0.5065845842156116,2135.1006851650022,81.54527795895841,1
