reduction,phase,wavelength_micron,planet_star_flux_ppm,flux_error_ppm,blackbody_star_brightness_temperature_k,temperature_error_k,used_in_5p25_10p25_summary
fiducial,0.0,5.25,1131.6342873365106,71.43728647951232,909.8216501472144,18.138417330488437,True
fiducial,0.0,5.75,1127.79956734175,62.33412043106349,862.5573250054867,15.536095339146016,True
fiducial,0.0,6.25,1238.6010753237497,77.32329065808874,849.0695880158663,18.258774809978945,True
fiducial,0.0,6.75,1148.9118477070876,64.5873554628003,792.3891734643751,15.44070564494666,True
fiducial,0.0,7.25,1400.5206494783,78.8375845045381,818.4056208971488,17.322926656496804,True
fiducial,0.0,7.75,1888.600519336496,80.21594582677652,890.9024954073125,15.901370362007015,True
fiducial,0.0,8.25,2171.212098509187,90.2400096599991,918.9876555220761,17.11189798128379,True
fiducial,0.0,8.75,2388.722615372938,87.12190234226738,935.2700211658945,16.059346332371206,True
fiducial,0.0,9.25,2583.4211169719665,103.4685593997216,948.4626256781913,18.671892966674136,True
fiducial,0.0,9.75,2902.31631893582,112.12913454489944,984.719394315371,19.71594393905997,True
fiducial,0.0,10.25,2901.069900066456,141.8235266170541,965.617954572756,24.88755750539474,True
fiducial,0.0,10.75,2068.6356280000414,303.2057497326113,798.024827434689,56.78993960930683,False
fiducial,0.0,11.25,2804.1663076978534,457.0549369015689,915.179383761569,80.47040383468021,False
fiducial,0.0,11.75,3475.998705065428,393.5839116943308,1016.2048990441722,66.91180319954776,False
fiducial,0.25,5.25,2944.99852159837,65.00715056871111,1285.680273371759,11.734767757526924,True
fiducial,0.25,5.75,3279.517166236703,50.34718826656641,1294.31325736361,8.791356976522252,True
fiducial,0.25,6.25,3464.893786801086,66.85978392628653,1282.19852625688,11.492565438350425,True
fiducial,0.25,6.75,3121.721965209045,62.62297392930978,1183.733947666279,11.009300599968128,True
fiducial,0.25,7.25,3649.890927187596,65.53185395554311,1240.4043628257155,11.109653940222188,True
fiducial,0.25,7.75,3995.16731292134,65.89504439887008,1267.601079267095,10.975485682986005,True
fiducial,0.25,8.25,4400.536762435634,70.56514795412116,1306.89699723023,11.569658065882777,True
fiducial,0.25,8.75,4632.669777980795,80.28863961861934,1319.8665146724197,13.078669924258179,True
fiducial,0.25,9.25,4933.578219942485,95.88637730444049,1346.0851269688205,15.511513470881596,True
fiducial,0.25,9.75,5350.723320613981,94.0735169089878,1392.7447222900214,15.100220629313185,True
fiducial,0.25,10.25,5262.227765275186,123.0795784821298,1359.7312947601756,19.83479843167231,True
fiducial,0.25,10.75,4860.106760257021,271.51675632243104,1277.2388446108755,44.22025545135887,False
fiducial,0.25,11.25,5335.683188691792,328.31811911492696,1338.339970081994,53.04229545080989,False
fiducial,0.25,11.75,5549.424814945227,356.3668480384966,1358.092815232554,57.47270413166393,False
fiducial,0.5,5.25,4844.3559337196,43.4272783763841,1604.892898889804,6.897825942672398,True
fiducial,0.5,5.75,5215.596295339799,44.97221126126323,1613.041326414872,7.065495376150693,True
fiducial,0.5,6.25,5452.750948758768,42.77764753894135,1606.5034216381223,6.696741486058386,True
fiducial,0.5,6.75,5141.44551726555,47.98561562279632,1518.9708535698978,7.619523878940868,True
fiducial,0.5,7.25,5505.7418675714,54.655800510532416,1542.5292614098798,8.614636212699565,True
fiducial,0.5,7.75,6022.76525127647,56.109178656886165,1593.490538246043,8.767842395013304,True
fiducial,0.5,8.25,6265.147805649645,70.19875114046651,1604.487227617581,10.961847577705157,True
fiducial,0.5,8.75,6387.858133845735,73.77098292329991,1599.504376743343,11.541044495542337,True
fiducial,0.5,9.25,7239.313215826032,83.52482217037358,1710.4755574458256,12.960876873565894,True
fiducial,0.5,9.75,7508.029501590685,108.3364118028521,1732.806373936836,16.8314807348994,True
fiducial,0.5,10.25,7261.457940508146,118.55265511252432,1676.616118267987,18.5411337878744,True
fiducial,0.5,10.75,7542.75427320255,164.39733202876263,1704.3104964478232,25.73330727720895,False
fiducial,0.5,11.25,7679.430499543999,247.79914305338124,1710.787513183793,38.878863529539444,False
fiducial,0.5,11.75,7430.378973241124,287.2374317431393,1657.7482286204408,45.31034094365839,False
fiducial,0.75,5.25,2453.1189990306466,66.16246558880026,1194.4889240479083,12.626812669214019,True
fiducial,0.75,5.75,2511.197032787739,57.58870509630397,1155.3887908454321,10.832091096698377,True
fiducial,0.75,6.25,2825.7463461784914,69.30773667141656,1169.6272421579042,12.539943214604818,True
fiducial,0.75,6.75,2422.00027731761,71.22530703215735,1056.915290250332,13.361522544723925,True
fiducial,0.75,7.25,3074.438692301881,72.53543302007185,1141.105854167067,12.761335201542693,True
fiducial,0.75,7.75,3461.706991039401,76.64280015954019,1177.5734447486495,13.119629783457526,True
fiducial,0.75,8.25,3737.750718269722,76.48349358690362,1196.7850185554382,12.89203596811717,True
fiducial,0.75,8.75,3933.417984506816,88.08761542154353,1204.585299276016,14.71592024895267,True
fiducial,0.75,9.25,4058.314169759502,96.30977164201126,1202.6535544013482,16.01367132536018,True
fiducial,0.75,9.75,4444.8332797620615,95.35192594205334,1245.758610411411,15.660112017643314,True
fiducial,0.75,10.25,4372.433298377538,118.41522985794415,1214.8448824326076,19.508007471544374,True
fiducial,0.75,10.75,5160.947261153286,269.75900484099174,1326.0670106441082,43.64843060779481,False
fiducial,0.75,11.25,5829.419786353092,343.53909562544874,1417.7619944990247,55.04868412654059,False
fiducial,0.75,11.75,6085.798105135537,370.8887753108921,1444.2401058031207,59.352069477802615,False
eureka_v1,0.0,5.25,1161.0193294936,83.20846476661829,917.2392990265112,20.905708870656042,True
eureka_v1,0.0,5.75,1132.5114520696,73.17525462527072,863.730310059347,18.209842040303386,True
eureka_v1,0.0,6.25,1277.0770490167,65.58492768581114,858.0989280715278,15.307759185210159,True
eureka_v1,0.0,6.75,1150.0823546455,60.46877540331485,792.6688544567212,14.449955014801333,True
eureka_v1,0.0,7.25,1399.4756269963,88.63294578901194,818.1760410882106,19.48175867539703,True
eureka_v1,0.0,7.75,1871.3873035204,96.7557464325561,887.4863609788117,19.231587631651166,True
eureka_v1,0.0,8.25,2166.3886050017004,96.06283876611218,918.0728556349502,18.226696162978328,True
eureka_v1,0.0,8.75,2243.9670214043003,84.77457028594208,908.3956080819103,15.858277378514515,True
eureka_v1,0.0,9.25,2568.4859603899,110.175111269,945.7660662281731,19.906854982901052,True
eureka_v1,0.0,9.75,2803.4186503901,94.64431838205017,967.2748676039291,16.7508267352581,True
eureka_v1,0.0,10.25,2867.0370001878,119.94638487235,959.6402561208859,21.092550713393166,True
eureka_v1,0.0,10.75,1593.4962577914,365.7856443732,706.5702127246423,73.04412658818995,False
eureka_v1,0.0,11.25,2627.8669284848,334.40817090755,884.0125788354683,59.513865640332426,False
eureka_v1,0.0,11.75,3476.6864961037,386.86592161285,1016.3217575974897,65.76657632752108,False
eureka_v1,0.25,5.25,2983.3098014640923,67.41174464700538,1292.582723870747,12.123202080419219,True
eureka_v1,0.25,5.75,3293.3855134571536,60.534083903533976,1296.7335026555008,10.558651995441096,True
eureka_v1,0.25,6.25,3460.248403580805,57.03013960646356,1281.3999231586793,9.805991192101715,True
eureka_v1,0.25,6.75,3026.270287894833,55.578653152364794,1166.8915482808925,9.843976968798984,True
eureka_v1,0.25,7.25,3651.6154986902015,72.0734179269452,1240.6967103622153,12.217522551339925,True
eureka_v1,0.25,7.75,3984.0592407421136,80.3912844361493,1265.7504794155452,13.396852435722963,True
eureka_v1,0.25,8.25,4395.470213138001,80.56036072572309,1306.0662352629809,13.210921605521094,True
eureka_v1,0.25,8.75,4569.578003656811,75.65267992559093,1309.5791023995446,12.348011108584615,True
eureka_v1,0.25,9.25,4897.756062928258,94.55827771747079,1340.2875517989523,15.311109108221103,True
eureka_v1,0.25,9.75,5307.727340149948,90.47861644181182,1385.8401422283157,14.536505159109993,True
eureka_v1,0.25,10.25,5243.2487081980025,113.01076962943114,1356.6721997519262,18.219288304760767,True
eureka_v1,0.25,10.75,4505.7650771258905,289.1397382035394,1219.2896306097232,47.50596940468222,False
eureka_v1,0.25,11.25,5185.580745269162,288.1992366146066,1314.059299125519,46.69012110112794,False
eureka_v1,0.25,11.75,5702.597627354741,333.54204090720737,1382.7629563528455,53.66329435257717,False
eureka_v1,0.5,5.25,4862.190300909,42.97929864781857,1607.7244702078244,6.821098575435258,True
eureka_v1,0.5,5.75,5209.2082277508,45.9195802916916,1612.0375937390252,7.21607008202659,True
eureka_v1,0.5,6.25,5483.3423666646,46.911686802332625,1611.2900659392217,7.336711475670427,True
eureka_v1,0.5,6.75,5143.3181591981,51.574010278324174,1519.2681953434262,8.18881323955236,True
eureka_v1,0.5,7.25,5533.8310279906,52.9280804785065,1546.9548443690649,8.335918768096462,True
eureka_v1,0.5,7.75,6039.341666237,58.910822457493296,1596.0803596717456,9.202339735141777,True
eureka_v1,0.5,8.25,6276.2441868969,63.49522566333806,1606.2197877607398,9.912988691450664,True
eureka_v1,0.5,8.75,6394.3274718034,75.39319083236423,1600.5164069015784,11.793541398713955,True
eureka_v1,0.5,9.25,7256.616018260799,81.24729263301072,1713.160204353398,12.604776617000311,True
eureka_v1,0.5,9.75,7560.7644000624,89.596760869959,1740.9970800480166,13.912201259821131,True
eureka_v1,0.5,10.25,7325.2219363445,112.0174870554,1686.5850590493642,17.507124718894488,True
eureka_v1,0.5,10.75,7658.337625211299,155.1594569538,1722.3930100608616,24.261452495356252,False
eureka_v1,0.5,11.25,7797.181800010299,215.87432209735,1729.252735063335,33.836545597680924,False
eureka_v1,0.5,11.75,7380.3556528533,298.0675111321,1649.855866716171,47.03922131250272,False
eureka_v1,0.75,5.25,2423.1154816998805,67.91817481175875,1188.7520917359113,13.012756677607172,True
eureka_v1,0.75,5.75,2488.3805482738485,67.85495938838363,1151.0915209009713,12.798087536566982,True
eureka_v1,0.75,6.25,2802.277739833904,70.057922235548,1165.3765329237851,12.703862881946407,True
eureka_v1,0.75,6.75,2363.6701625367896,65.3562711883627,1045.9370697494137,12.342920992785025,True
eureka_v1,0.75,7.25,3001.4275730949994,79.90772371128983,1128.2260887294194,14.1362276517375,True
eureka_v1,0.75,7.75,3382.6741107744465,88.24623310572434,1164.0137191676117,15.176665507534949,True
eureka_v1,0.75,8.25,3704.417324886834,94.49967083768017,1191.1619496381134,15.954845747653849,True
eureka_v1,0.75,8.75,3776.5102042784943,86.55233891954168,1178.284767169791,14.558072834036011,True
eureka_v1,0.75,9.25,4016.142728608349,114.33731293031354,1195.6362140408146,19.04177701328672,True
eureka_v1,0.75,9.75,4284.7300615798495,90.532021612748,1219.3996291477604,14.94292035882404,True
eureka_v1,0.75,10.25,4247.998494425728,117.08433445105663,1194.3074609172647,19.361732074919928,True
eureka_v1,0.75,10.75,4760.365529654359,277.3886908958019,1260.9777200308158,45.282646182093345,False
eureka_v1,0.75,11.25,5651.008943105161,287.1664839372199,1389.1371505272955,46.14268630157369,False
eureka_v1,0.75,11.75,5837.468044484204,371.3607118234013,1404.438269943739,59.6309403196185,False
